"product_view_bin","total_users","users_purchased","conversion_rate"
"1-5",1380595,9166,0.00663916644635103
"11-20",5659,710,0.12546386287329916
"21+",2127,559,0.2628114715561824
"6-10",19199,1284,0.06687848325433617
